subject,DU time o,DU time r,DU time a,DU time n,DU time g,DU time shift,DU time E,DU time 2,DU time 0,DU time 1,DU time 9,DU time shift,DU time !,UD time o,UD time r,UD time a,UD time n,UD time g,UD time shift,UD time E,UD time 2,UD time 0,UD time 1,UD time 9,UD time shift,UD time !,3GRAM1,3GRAM2,3GRAM3,3GRAM4,3GRAM5,3GRAM6,3GRAM7,3GRAM8,3GRAM9,TOTAL TIME
sub00,0.113,0.143,0.115,0.139,0.099,0.468,0.104,0.103,0.13,0.123,0.105,0.3,0.163,0.183,0.102,0.169,0.151,0.186,0.103,0.313,0.11,0.098,0.086,0.166,0.147,0.964,0.918,1.327,1.044,1.17,1.125,0.981,0.755,1.008,0.796,3.419
sub00,0.126,0.115,0.139,0.119,0.087,0.26,0.107,0.111,0.123,0.115,0.091,0.204,0.122,0.035,0.153,0.091,0.245,0.128,0.075,0.299,0.066,0.048,0.064,0.157,0.098,0.708,0.949,1.069,0.871,0.917,0.891,0.869,0.618,0.802,0.655,2.762
sub00,0.101,0.119,0.131,0.123,0.095,0.252,0.103,0.107,0.139,0.119,0.107,0.216,0.135,0.143,0.077,0.087,0.085,0.155,0.103,0.233,0.089,0.085,0.079,0.156,0.071,0.781,0.717,0.92,0.71,0.842,0.82,0.883,0.725,0.901,0.741,2.762
sub02,0.057,0.059,0.119,0.075,0.067,0.388,0.076,0.151,0.095,0.16,0.079,0.58,0.143,0.339,0.136,0.24,0.434,0.295,0.075,0.388,0.175,0.214,0.248,0.604,0.143,1.025,1.13,1.618,1.26,1.29,1.198,1.259,1.122,1.924,1.671,4.904
sub03,0.07,0.122,0.151,0.078,0.147,0.323,0.106,0.09,0.083,0.15,0.079,0.328,0.162,0.013,0.106,0.083,0.018,0.641,0.106,0.201,0.184,0.052,0.001,0.299,0.159,0.623,0.705,1.405,1.207,1.402,0.881,0.902,0.639,0.992,0.86,3.222
sub03,0.049,0.031,0.131,0.087,0.135,0.352,0.115,0.082,0.087,0.171,0.079,0.272,0.163,0.134,0.289,0.032,0.017,0.604,0.115,0.167,0.172,0.046,0.023,0.257,0.147,0.753,0.722,1.322,1.195,1.34,0.86,0.876,0.614,0.889,0.772,3.187
sub03,0.054,0.055,0.151,0.113,0.115,0.32,0.103,0.079,0.079,0.155,0.067,0.304,0.166,0.177,0.184,0.02,0.002,0.582,0.103,0.157,0.684,0.085,0.009,0.266,0.166,0.754,0.636,1.259,1.128,1.253,1.319,1.382,1.158,0.949,0.801,3.654
sub04,0.065,0.112,0.128,0.118,0.114,0.204,0.107,0.102,0.092,0.087,0.086,0.124,0.09,0.05,0.076,0.088,0.2,0.196,0.107,0.166,0.008,0.013,0.014,0.115,0.078,0.637,0.836,1.04,0.832,0.782,0.572,0.583,0.402,0.531,0.438,2.17
sub04,0.137,0.115,0.127,0.107,0.059,0.207,0.087,0.103,0.091,0.091,0.087,0.128,0.055,0.031,0.019,0.025,0.018,0.252,0.087,0.151,0.009,0.009,0.017,0.113,0.055,0.499,0.47,0.779,0.643,0.772,0.561,0.557,0.407,0.476,0.436,1.834
sub05,0.085,0.1,0.119,0.08,0.082,0.232,0.079,0.128,0.087,0.095,0.071,0.416,0.087,0.113,0.219,0.074,0.158,0.201,0.079,0.364,0.035,0.013,0.009,0.17,0.087,0.79,0.832,0.914,0.753,1.007,0.846,0.833,0.438,0.785,0.761,2.851
sub05,0.093,0.107,0.135,0.079,0.063,0.252,0.07,0.137,0.096,0.107,0.067,0.401,0.083,0.058,0.214,0.026,0.199,0.155,0.07,0.254,0.065,0.001,0.009,0.153,0.083,0.712,0.823,0.852,0.748,0.861,0.804,0.785,0.48,0.763,0.737,2.669
sub05,0.09,0.09,0.12,0.087,0.087,0.184,0.074,0.11,0.092,0.111,0.071,0.363,0.086,0.057,0.156,0.018,0.178,0.109,0.074,0.332,0.037,0.012,0.006,0.161,0.086,0.618,0.736,0.766,0.645,0.822,0.755,0.785,0.439,0.768,0.712,2.471
sub05,0.012,0.1,0.139,0.095,0.087,0.218,0.067,0.127,0.083,0.111,0.075,0.393,0.075,0.067,0.203,0.024,0.137,0.036,0.067,0.312,0.04,0.013,0.005,0.147,0.075,0.64,0.785,0.716,0.573,0.78,0.78,0.773,0.454,0.759,0.731,2.424
sub06,0.099,0.171,0.139,0.103,0.115,0.692,0.111,0.106,0.099,0.111,0.075,0.328,0.095,0.086,0.043,0.463,0.07,0.284,0.111,0.297,0.046,0.074,0.023,0.358,0.075,1.018,1.018,1.854,1.264,1.494,1.24,0.856,0.534,1.068,0.915,3.716
sub07,0.145,0.075,0.131,0.128,0.066,0.2,0.087,0.115,0.151,0.096,0.091,0.217,0.12,0.013,0.097,0.023,0.028,0.097,0.05,0.215,0.035,0.018,0.058,0.016,0.119,0.566,0.446,0.571,0.5,0.73,0.753,0.717,0.564,0.647,0.479,1.951
sub08,0.007,0.002,0.003,0.002,0.002,0.346,0.003,0.002,0.003,0.002,0.002,0.319,0.003,0.155,0.258,0.182,0.358,0.224,0.003,0.159,0.222,0.166,0.17,0.178,0.003,0.609,0.807,0.989,0.932,0.733,0.732,0.685,0.567,0.646,0.671,2.762
sub08,0.003,0.003,0.003,0.002,0.003,0.358,0.003,0.002,0.002,0.002,0.003,0.28,0.002,0.102,0.301,0.215,0.321,0.347,0.003,0.136,0.138,0.169,0.126,0.203,0.002,0.629,0.848,1.112,1.031,0.846,0.636,0.589,0.442,0.62,0.614,2.719
sub08,0.003,0.002,0.002,0.002,0.002,0.291,0.002,0.002,0.002,0.001,0.002,0.305,0.002,0.078,0.226,0.17,0.32,0.244,0.002,0.155,0.141,0.113,0.124,0.193,0.002,0.483,0.724,0.928,0.859,0.694,0.591,0.519,0.385,0.545,0.625,2.378
sub10,0.096,0.083,0.103,0.099,0.087,0.225,0.083,0.083,0.107,0.083,0.087,0.197,0.066,0.066,0.149,0.017,0.148,0.202,0.083,0.116,0.078,0.026,0.046,0.189,0.066,0.613,0.686,0.832,0.761,0.713,0.609,0.625,0.51,0.718,0.602,2.287
sub10,0.089,0.067,0.091,0.087,0.087,0.228,0.079,0.087,0.103,0.087,0.09,0.236,0.067,0.079,0.171,0.013,0.155,0.186,0.079,0.196,0.079,0.041,0.018,0.188,0.067,0.597,0.671,0.827,0.743,0.784,0.693,0.692,0.505,0.667,0.619,2.378
sub10,0.097,0.079,0.116,0.091,0.083,0.207,0.075,0.078,0.103,0.083,0.083,0.292,0.068,0.073,0.136,0.034,0.127,0.182,0.075,0.143,0.1,0.013,0.046,0.177,0.068,0.626,0.666,0.82,0.69,0.693,0.631,0.615,0.506,0.726,0.681,2.343
sub11,0.089,0.111,0.13,0.091,0.117,0.72,0.102,0.099,0.103,0.115,0.083,0.411,0.075,0.69,0.349,0.369,0.431,0.61,0.09,0.849,0.272,0.099,0.217,0.584,0.05,1.829,1.598,2.468,1.981,2.407,2.055,1.639,0.988,1.612,1.435,6.576
sub11,0.061,0.083,0.111,0.099,0.099,0.715,0.115,0.098,0.099,0.115,0.083,0.388,0.083,0.311,0.831,0.246,0.142,0.673,0.107,0.92,0.26,0.126,0.727,0.369,0.071,1.742,1.611,2.085,1.736,2.513,2.1,1.733,1.508,1.907,1.694,6.576
sub11,0.081,0.09,0.11,0.095,0.079,0.48,0.107,0.09,0.1,0.103,0.087,0.401,0.112,0.242,0.647,0.267,0.14,0.867,0.103,1.224,0.245,0.085,0.707,0.639,0.111,1.532,1.428,2.038,1.665,2.744,2.143,1.954,1.417,2.122,1.938,6.784
sub11,0.073,0.103,0.114,0.091,0.107,0.596,0.111,0.082,0.091,0.119,0.091,0.456,0.103,0.212,0.737,0.255,0.114,0.901,0.111,0.864,0.19,0.121,0.164,0.591,0.103,1.585,1.521,2.15,1.809,2.55,1.823,1.606,0.858,1.629,1.421,6.072
sub12,0.101,0.084,0.147,0.099,0.079,0.324,0.151,0.127,0.127,0.166,0.091,0.268,0.135,0.175,0.2,0.262,0.165,0.313,0.131,0.176,0.098,0.066,0.074,0.204,0.135,1.068,1.036,1.389,1,1.039,0.872,0.911,0.749,0.984,0.803,3.366
sub14,0.113,0.079,0.14,0.131,0.111,0.224,0.099,0.107,0.111,0.116,0.088,0.288,0.075,0.072,0.127,0.016,0.103,0.057,0.075,0.166,0.074,0.064,0.471,0.383,0.075,0.646,0.675,0.75,0.65,0.689,0.706,0.737,1.031,1.517,1.346,3.033
sub16,0.101,0.088,0.099,0.139,0.095,0.472,0.107,0.087,0.111,0.099,0.087,0.308,0.107,0.432,0.231,0.458,0.528,0.411,0.107,0.27,0.106,0.065,0.04,0.465,0.107,1.548,1.638,2.19,1.645,1.335,1.046,0.857,0.595,1.127,0.999,4.692
sub16,0.093,0.082,0.119,0.148,0.083,0.268,0.114,0.098,0.107,0.094,0.075,0.275,0.083,0.089,0.142,0.067,0.183,0.152,0.111,0.161,0.103,0.086,0.05,0.311,0.07,0.74,0.824,1.02,0.837,0.765,0.74,0.763,0.613,0.998,0.818,2.802
sub16,0.093,0.107,0.123,0.127,0.083,0.272,0.095,0.111,0.103,0.095,0.099,0.338,0.103,0.03,0.146,0.036,0.144,0.076,0.091,0.17,0.07,0.079,0.073,0.56,0.103,0.662,0.766,0.861,0.706,0.716,0.73,0.723,0.63,1.299,1.165,2.939
sub17,0.066,0.072,0.066,0.079,0.055,0.208,0.072,0.066,0.058,0.075,0.062,0.24,0.08,0.217,0.095,0.153,0.325,0.081,0.02,0.346,0.476,0.222,0.151,0.365,0.08,0.748,0.845,0.967,0.8,0.808,1.206,1.315,1.11,1.141,0.893,3.53
sub19,0.019,0.067,0.099,0.059,0.063,0.183,0.079,0.094,0.071,0.075,0.047,0.256,0.087,0.088,0.134,0.029,0.135,0.182,0.055,0.371,0.036,0.035,0.009,0.164,0.087,0.495,0.586,0.75,0.646,0.917,0.779,0.761,0.367,0.613,0.551,2.24
sub19,0.063,0.055,0.103,0.071,0.067,0.248,0.107,0.095,0.071,0.135,0.055,0.264,0.107,0.092,0.152,0.005,0.123,0.151,0.107,0.558,0.051,0.044,0.031,0.154,0.107,0.541,0.576,0.748,0.66,1.119,1.023,1.081,0.42,0.656,0.577,2.526
sub20,0.115,0.088,0.094,0.111,0.11,0.311,0.11,0.11,0.094,0.079,0.078,0.369,0.125,0.04,0.125,0.031,0.094,0.338,0.11,0.219,0.156,0.04,0.107,0.281,0.125,0.604,0.653,1.074,0.964,1.088,0.89,0.823,0.664,1.017,0.914,2.99
sub21,0.14,0.094,0.125,0.125,0.093,0.313,0.125,0.11,0.125,0.125,0.109,0.266,0.141,0.016,0.109,0.016,0.094,0.25,0.125,0.187,0.062,0.016,0.031,0.203,0.125,0.625,0.656,1.016,0.875,0.953,0.797,0.75,0.578,0.875,0.75,2.625
sub21,0.125,0.094,0.14,0.11,0.125,0.266,0.094,0.125,0.109,0.11,0.11,0.235,0.11,0.047,0.094,0,0.093,0.25,0.094,0.344,0.047,0.016,0.046,0.265,0.11,0.61,0.656,0.953,0.844,1.11,0.891,0.844,0.531,0.859,0.766,2.719
sub22,0.156,0.14,0.14,0.14,0.11,0.343,0.125,0.141,0.094,0.094,0.094,0.281,0.094,0.031,0.079,0.016,0.11,0.281,0.125,0.282,0.031,0.015,0.047,0.156,0.094,0.64,0.735,1.062,0.984,1.157,0.891,0.86,0.516,0.719,0.672,2.719
sub24,0.093,0.093,0.094,0.093,0.094,0.296,0.094,0.14,0.109,0.125,0.093,0.219,0.14,0.079,0.219,0.047,0.141,0.125,0.094,0.251,0,0.015,0.031,0.063,0.125,0.718,0.781,0.844,0.749,0.906,0.796,0.75,0.421,0.563,0.484,2.343
sub25,0.11,0.125,0.141,0.125,0.094,0.297,0.125,0.094,0.11,0.11,0.094,0.25,0.125,0.016,0,0.078,0.062,0.14,0.125,0.297,0.016,0.047,0.016,0.172,0.125,0.407,0.469,0.766,0.718,0.922,0.782,0.688,0.329,0.657,0.61,2.048
sub26,0.143,0.139,0.113,0.132,0.114,0.34,0.141,0.133,0.134,0.143,0.107,0.394,0.161,0.09,0.229,0.102,0.189,0.403,0.141,0.254,0.123,0.016,0.03,0.326,0.161,0.948,1.018,1.362,1.178,1.244,0.984,0.975,0.686,1.067,1,3.654
sub26,0.172,0.125,0.122,0.144,0.139,0.465,0.154,0.125,0.127,0.146,0.114,0.471,0.161,0.036,0.238,0.123,0.172,0.496,0.154,0.249,0.089,0.081,0.058,0.362,0.161,0.96,1.063,1.575,1.416,1.474,1.055,1.057,0.74,1.253,1.151,4.054
sub26,0.121,0.144,0.128,0.114,0.095,0.559,0.165,0.136,0.117,0.135,0.1,0.565,0.179,0.134,0.339,0.149,0.178,0.386,0.165,0.248,0.124,0.072,0.138,0.445,0.179,1.129,1.147,1.503,1.332,1.424,1.184,1.103,0.822,1.468,1.383,4.427
sub26,0.147,0.113,0.15,0.101,0.109,0.505,0.13,0.119,0.117,0.108,0.099,0.505,0.148,0.123,0.298,0.066,0.169,0.337,0.13,0.273,0.137,0.043,0.083,0.374,0.148,0.998,1.006,1.338,1.221,1.343,1.151,1.026,0.706,1.214,1.169,3.976
sub27,0.122,0.088,0.103,0.107,0.095,0.382,0.114,0.102,0.092,0.096,0.084,0.375,0.12,0.031,0.204,0.079,0.098,0.268,0.114,0.164,0.083,0.059,0.034,0.811,0.12,0.734,0.774,1.068,0.95,1.011,0.823,0.774,0.55,1.536,1.4,3.477
sub27,0.126,0.087,0.091,0.103,0.096,0.285,0.099,0.117,0.113,0.119,0.098,0.429,0.179,0.006,0.187,0.105,0.031,0.287,0.099,0.214,0.048,0.025,0.009,0.093,0.179,0.705,0.7,0.975,0.802,0.999,0.777,0.758,0.529,0.855,0.748,2.669
sub28,0.242,0.087,0.116,0.029,0.083,0.332,0.093,0.11,0.219,0.03,0.091,0.285,0.1,0.198,0.071,0.275,0.187,0.394,0.09,0.246,0.235,0.004,0.034,0.313,0.095,1.018,0.848,1.416,1.028,1.168,1.145,0.937,0.723,0.976,0.758,3.589
sub28,0.071,0.326,0.009,0.063,0.072,0.482,0.077,0.108,0.081,0.115,0.242,0.418,0.124,0.328,0.003,0.119,0.166,0.17,0.077,0.236,0.221,0.124,0.125,0.051,0.124,0.919,0.758,1.035,0.953,1.068,1.128,1.008,1.016,1.081,0.951,3.53
sub29,0.078,0.062,0.094,0.094,0.094,0.344,0.062,0.14,0.094,0.11,0.063,0.36,0.125,0.25,0.078,0.157,0.375,0.156,0.062,1.438,0.047,0.234,0.734,0.203,0.11,0.813,0.954,1.314,1.063,2.172,2.063,2.125,1.422,1.798,1.485,5.22
sub31,0.14,0.125,0.156,0.141,0.11,0.531,0.172,0.109,0.156,0.109,0.11,0.687,0.187,0.063,0.172,0.031,0.156,0.5,0.172,0.172,0.047,0.015,0.047,0.375,0.187,0.828,0.891,1.5,1.438,1.422,1.015,0.875,0.563,1.219,1.328,3.922
sub32,0.078,0.094,0.094,0.094,0.094,0.25,0.109,0.109,0.11,0.109,0.094,0.235,0.109,0.062,0.25,0.156,0.125,0.187,0.109,0.141,0.078,0.031,0.047,0.187,0.109,0.828,0.907,1,0.75,0.781,0.688,0.687,0.578,0.813,0.672,2.625
sub32,0.094,0.109,0.125,0.078,0.078,0.251,0.11,0.125,0.094,0.094,0.094,0.375,0.11,0.156,0.297,0.11,0.156,0.312,0.11,0.172,0.109,0.062,0.094,0.281,0.11,0.969,0.953,1.11,0.875,0.938,0.751,0.766,0.672,1.016,0.938,3.266
sub32,0.094,0.11,0.11,0.094,0.094,0.265,0.109,0.125,0.094,0.11,0.094,0.297,0.125,0.156,0.312,0.171,0.141,0.25,0.093,0.156,0.235,0.14,0.218,0.5,0.125,1.047,1.032,1.125,0.86,0.906,0.891,0.969,1.016,1.438,1.219,3.782
sub32,0.094,0.109,0.094,0.094,0.093,0.297,0.109,0.14,0.093,0.109,0.094,0.328,0.141,0.375,0.297,0.187,0.141,0.266,0.109,0.141,0.11,0.204,0.203,0.313,0.141,1.25,1.015,1.156,0.891,0.937,0.781,0.922,0.953,1.344,1.047,3.782
sub33,0.172,0.125,0.171,0.14,0.125,0.297,0.125,0.109,0.125,0.14,0.14,0.234,0.125,0.094,0.251,0.079,0.125,0.875,0.093,0.438,0.172,0.016,0.031,0.36,0.047,1.032,1.016,1.812,1.594,1.876,1.173,1.125,0.671,0.984,0.921,4.267
sub35,0.11,0.14,0.125,0.109,0.094,0.656,0.172,0.11,0.11,0.094,0.094,0.859,0.157,0.156,0.266,0.094,0.188,0.515,0.172,0.25,0.109,0.047,0.031,0.453,0.157,1,1.016,1.641,1.562,1.625,1.235,1.032,0.595,1.376,1.531,4.61
sub36,0.094,0.109,0.11,0.109,0.094,0.5,0.141,0.094,0.125,0.125,0.109,0.641,0.141,0.125,0.328,0.062,0.126,0.437,0.141,0.422,0.094,0.125,0.031,0.407,0.141,0.937,0.938,1.376,1.266,1.547,1.235,1.188,0.703,1.297,1.313,4.267
sub37,0.125,0.094,0.093,0.125,0.094,0.531,0.125,0.094,0.11,0.125,0.094,0.515,0.125,0.219,0.438,0.172,0.203,0.547,0.125,0.313,0.14,0.093,0.063,0.422,0.125,1.266,1.219,1.656,1.5,1.579,1.188,1.109,0.719,1.313,1.219,4.61
sub37,0.11,0.078,0.094,0.109,0.094,0.516,0.109,0.094,0.109,0.094,0.078,0.516,0.094,0.234,0.422,0.125,0.219,0.562,0.109,0.375,0.125,0.125,0.109,0.61,0.094,1.172,1.141,1.578,1.5,1.641,1.219,1.172,0.734,1.469,1.407,4.798
sub38,0.094,0.109,0.094,0.094,0.062,0.313,0.125,0.109,0.094,0.094,0.078,0.344,0.125,0,0.172,0.031,0.125,0.391,0.125,0.234,0.063,0.016,0.062,0.344,0.125,0.594,0.687,1.047,0.985,1.109,0.813,0.766,0.484,0.906,0.922,2.891
sub38,0.094,0.094,0.078,0.094,0.078,0.515,0.093,0.094,0.109,0.094,0.078,0.594,0.094,0.14,0.344,0.156,0.172,0.422,0.093,0.297,0.11,0.031,0.094,0.437,0.094,1,1.016,1.39,1.281,1.406,1.125,0.953,0.61,1.203,1.297,4.125
sub38,0.094,0.109,0.094,0.078,0.093,0.328,0.125,0.094,0.094,0.11,0.094,0.312,0.125,0.031,0.297,0.063,0.125,0.344,0.125,0.281,0.078,0.016,0.015,0.36,0.125,0.766,0.859,1.11,0.968,1.14,0.875,0.781,0.469,0.891,0.891,3.078
sub39,0.141,0.14,0.141,0.125,0.141,0.266,0.172,0.172,0.14,0.156,0.141,0.218,0.156,0.094,0.203,0.297,0.047,0.39,0.156,0.281,0,0.015,0.031,0.125,0.078,1.141,1.094,1.407,0.985,1.266,0.875,0.906,0.563,0.734,0.687,3.266
sub60,0.078,0.063,0.109,0.078,0.046,0.193,0.063,0.093,0.063,0.094,0.063,0.265,0.172,0.271,0.094,0.094,0.219,0.195,0.047,0.4,0.078,0.099,0.031,0.375,0.156,0.787,0.703,0.934,0.747,0.943,0.843,0.89,0.521,0.99,0.844,3.033
sub61,0.063,0.073,0.062,0.08,0.063,0.21,0.078,0.078,0.063,0.078,0.063,0.297,0.078,0.281,0.317,0.125,0.187,0.515,0,0.407,0.375,0.434,0.25,0.297,0.047,1.001,0.907,1.242,1.133,1.351,1.211,1.513,1.341,1.482,1.016,4.427
sub61,0.078,0.078,0.11,0.093,0.087,0.241,0.101,0.095,0.125,0.14,0.109,0.328,0.078,0.358,0.234,0.125,0.188,0.266,0.054,0.359,0.219,0.172,0.141,0.329,0.078,1.076,0.915,1.11,0.922,1.095,1.086,1.211,1.001,1.328,1.047,3.922
sub62,0.094,0.109,0.078,0.093,0.078,0.344,0.079,0.078,0.062,0.094,0.063,0.266,0.078,0.438,0.235,0.047,0.141,0.109,0.079,0.36,0.047,0.047,0.016,0.266,0.078,1.094,0.781,0.875,0.765,0.969,0.891,0.782,0.375,0.719,0.673,3.033
sub63,0.079,0.078,0.093,0.095,0.063,0.703,0.078,0.141,0.094,0.157,0.062,0.743,0.078,0.422,0.203,0.219,0.187,0.328,0.078,0.406,0.203,0.181,0.125,0.469,0.078,1.189,0.938,1.594,1.376,1.641,1.547,1.354,0.963,1.706,1.556,5.051
sub64,0.094,0.125,0.11,0.093,0.078,0.595,0.094,0.11,0.094,0.11,0.109,0.218,0.062,0.078,0.234,0.167,0.469,0.078,0.094,0.708,0.031,0.015,0.031,2.705,0.062,0.901,1.276,1.48,1.313,1.569,1.538,1.272,0.5,3.235,3.173,6.252
sub64,0.109,0.109,0.11,0.11,0.094,0.376,0.11,0.125,0.094,0.109,0.109,0.266,0.093,0.047,0.078,0.062,0.046,0.656,0.11,0.281,0.031,0.094,0.094,0.266,0.093,0.625,0.609,1.423,1.282,1.532,0.907,0.875,0.656,1,0.844,3.266
sub65,0.047,0.094,0.094,0.094,0.11,0.109,0.109,0.078,0.093,0.109,0.078,0.11,0.094,0.344,0.281,0.25,0.265,0.625,0.078,0.985,0.235,0.188,0.266,1.391,0.079,1.204,1.188,1.547,1.234,1.938,1.531,1.797,1.047,2.235,1.969,5.892
sub65,0.078,0.047,0.109,0.078,0.094,0.125,0.125,0.078,0.078,0.093,0.047,0.156,0.093,0.297,0.234,0.282,0.25,0.781,0.078,0.891,0.219,0.188,0.235,1.297,0.078,1.125,1.094,1.719,1.375,2.016,1.438,1.672,0.938,2.094,1.843,5.719
sub66,0.099,0.078,0.109,0.093,0.078,0.656,0.141,0.109,0.078,0.062,0.11,0.471,0.125,0.399,0.219,0.235,0.282,0.266,0.141,0.563,0.375,0.313,0.391,0.234,0.125,1.232,1.094,1.594,1.375,1.672,1.781,1.766,1.438,1.612,1.268,5.22
sub67,0.188,0.203,0.172,0.172,0.156,0.556,0.165,0.141,0.141,0.117,0.141,0.687,0.14,0.422,0.172,0.25,0.25,0.187,0.165,0.422,0.156,0.234,0.843,0.282,0.14,1.579,1.375,1.665,1.321,1.462,1.416,1.454,1.773,2.32,2.07,5.892
sub68,0.094,0.094,0.094,0.094,0.094,0.234,0.125,0.094,0.094,0.109,0.094,0.25,0.141,0.547,0.375,0.062,0.203,0.297,0.094,0.422,0.234,0.11,0.031,0.58,0.109,1.36,1.016,1.078,0.953,1.172,1.109,1.188,0.704,1.206,1.034,4.207
sub68,0.078,0.078,0.109,0.094,0.094,0.171,0.094,0.109,0.078,0.107,0.078,0.249,0.125,0.332,0.063,0.156,0.203,0.172,0.031,0.266,0.188,0.016,0.031,0.282,0.109,0.91,0.797,0.999,0.797,0.875,0.875,0.858,0.607,0.841,0.763,3.033
sub69,0.078,0.094,0.109,0.063,0.062,0.172,0.125,0.125,0.078,0.125,0.11,0.344,0.11,0.109,0.422,0.016,0.312,0.407,0.032,0.876,0.015,0.157,0.093,0.75,0.11,0.891,1.078,1.141,1.109,1.735,1.359,1.501,0.703,1.626,1.422,4.61
sub69,0.093,0.094,0.094,0.093,0.078,0.235,0.172,0.125,0.079,0.125,0.079,0.343,0.156,0.047,0.438,0.078,0.251,0.265,0.11,0.485,0.032,0.125,0.015,0.953,0.156,0.937,1.126,1.094,0.984,1.25,0.954,1.079,0.516,1.704,1.515,4.125
sub71,0.062,0.063,0.063,0.063,0.062,0.297,0.062,0.063,0.079,0.062,0.062,0.25,0.078,0.344,0.312,0.203,0.328,0.469,0.062,0.359,0.14,0.094,0.063,0.344,0.078,1.11,1.094,1.422,1.219,1.25,0.938,0.922,0.563,0.891,0.781,3.782
sub72,0.078,0.094,0.093,0.078,0.078,0.548,0.126,0.094,0.078,0.093,0.078,0.625,0.109,0.532,0.422,0.454,0.734,0.547,0.126,0.515,0.266,0.344,0.741,0.798,0.109,1.751,1.953,2.485,1.985,1.782,1.501,1.563,1.694,2.741,2.335,7.29
sub73,0.047,0.031,0.078,0.046,0.047,0.532,0.063,0.093,0.078,0.094,0.047,0.281,0.031,0.422,0.469,0.297,0.547,0.297,0.063,0.5,0.063,0.062,0.082,0.406,0.031,1.39,1.515,1.844,1.469,1.469,1.266,0.953,0.519,1.019,0.91,4.519
sub73,0.032,0.047,0.047,0.047,0.031,0.391,0.078,0.109,0.078,0.11,0.047,0.344,0.063,0.469,0.203,0.312,0.5,0.328,0.078,0.532,0.078,0.078,0.062,0.484,0.063,1.157,1.187,1.625,1.297,1.391,1.188,1.094,0.562,1.172,1.047,4.329
sub74,0.093,0.062,0.063,0.11,0.078,0.344,0.063,0.078,0.094,0.062,0.063,0.422,0.063,0.11,0.453,0.109,0.203,0.625,0.063,0.297,0.187,0.219,0.188,0.75,0.063,1,1.078,1.501,1.36,1.422,1,1.031,0.891,1.751,1.485,4.61
sub74,0.062,0.068,0.094,0.078,0.032,0.219,0.078,0.093,0.093,0.063,0.063,0.266,0.093,0.079,0.297,0.047,0.203,0.39,0.078,0.188,0.204,0.172,0.115,0.312,0.093,0.725,0.819,1.063,0.922,0.922,0.797,0.891,0.803,1.068,0.819,3.138
sub75,0.14,0.157,0.143,0.172,0.162,0.656,0.078,0.156,0.15,0.144,0.142,0.454,0.063,0.519,0.547,0.422,0.719,0.282,0.078,0.344,0.437,0.484,0.612,0.203,0.063,2.1,2.322,2.54,1.991,1.6,1.743,1.809,2.125,2.095,1.555,7.045
sub76,0.218,0.203,0.172,0.187,0.188,0.484,0.187,0.187,0.172,0.156,0.187,0.703,0.25,1.237,1.125,0.625,0.36,0.359,0.093,0.344,0.438,0.453,0.438,0.313,0.25,3.767,2.86,2.375,1.672,1.656,1.719,1.937,2.031,2.391,1.797,8.643
sub77,0.187,0.172,0.172,0.188,0.157,0.296,0.188,0.172,0.172,0.156,0.187,0.266,0.171,0.203,1.36,0.14,0.109,1.141,0.078,0.986,0.156,0.094,0.094,0.938,0.031,2.422,2.298,2.203,2.001,2.862,1.892,1.924,1.031,1.907,1.781,7.596
sub77,0.157,0.141,0.172,0.157,0.156,0.281,0.203,0.156,0.203,0.187,0.187,0.297,0.203,0.187,0.328,0.156,0.328,2.501,0.094,1.485,0.079,0.047,0.047,1.157,0.078,1.298,1.438,3.751,3.532,4.688,2.313,2.36,0.906,2.125,2,8.643
sub77,0.141,0.125,0.156,0.156,0.14,0.281,0.156,0.187,0.175,0.172,0.156,0.25,0.156,0.156,0.344,0.188,0.141,0.61,0.031,1.204,0.156,0.128,0.172,1.126,0.047,1.266,1.25,1.672,1.453,2.547,2.128,2.178,1.146,2.179,1.985,6.398
sub77,0.187,0.14,0.188,0.171,0.172,0.328,0.188,0.187,0.219,0.199,0.172,0.203,0.156,0.36,0.375,0.141,0.094,0.844,0.125,0.75,0.031,0,0.016,0.609,0.047,1.562,1.281,1.938,1.672,2.344,1.578,1.574,0.824,1.418,1.308,5.558
sub77,0.141,0.14,0.172,0.141,0.141,0.297,0.172,0.172,0.205,0.188,0.172,0.234,0.156,0.141,0.36,0.234,0.156,3.48,0.063,0.725,0.094,0.047,0.046,0.532,0.015,1.329,1.344,4.621,4.324,4.924,1.602,1.603,0.924,1.424,1.313,8.068
sub78,0.125,0.109,0.156,0.14,0.109,0.281,0.109,0.172,0.125,0.14,0.094,0.296,0.063,0.112,0.25,0.11,0.407,0.328,0.046,0.281,0.078,0.11,0.094,0.266,0.063,1.002,1.281,1.531,1.328,1.234,1,1.015,0.813,1.11,0.89,3.846
sub78,0.109,0.094,0.109,0.086,0.078,0.297,0.094,0.141,0.093,0.109,0.094,0.312,0.063,0.141,0.234,0.094,0.234,0.391,0.047,0.234,0.063,0.11,0.094,0.156,0.063,0.867,0.929,1.289,1.133,1.188,0.875,0.844,0.704,0.953,0.765,3.32
sub79,0.172,0.156,0.172,0.172,0.172,1.691,0.172,0.125,0.141,0.125,0.122,0.427,0.172,1.753,1.678,0.797,0.672,1.713,0.172,4.916,0.594,0.559,0.612,0.76,0.062,4.9,3.819,5.358,4.42,8.617,7.467,6.663,2.278,2.746,2.156,17.639
sub79,0.173,0.172,0.234,0.172,0.156,0.641,0.125,0.172,0.172,0.203,0.156,0.531,0.125,0.531,0.85,0.391,0.388,0.922,0.125,2.61,0.375,0.672,0.766,0.891,0.094,2.523,2.363,2.904,2.279,4.501,3.97,4.329,2.516,3.391,2.578,11.209
sub79,0.218,0.156,0.187,0.157,0.156,0.625,0.141,0.156,0.125,0.14,0.157,0.547,0.109,5.021,0.976,0.297,0.283,1.046,0.141,1.741,0.759,0.454,0.498,0.406,0.109,7.012,2.212,2.626,2.267,3.724,3.406,3.641,2.289,2.311,1.748,14.105
sub79,0.141,0.188,0.125,0.141,0.188,0.803,0.172,0.109,0.109,0.141,0.172,0.922,0.171,0.516,0.437,0.735,0.396,0.844,0.172,1.286,0.522,0.507,0.656,0.547,0.171,2.283,2.21,3.232,2.372,3.23,2.829,2.846,2.216,2.96,2.438,9.485
